4939377.331523391,6.361231336987732, 7.026411878742635, 4.904318264084642, 1.0629017334323998, 4.289953153308773, 5.320439470896629, 3.3973755556411103, 5.324653853435572, 4.37522905450316, 3.323862235298284, 9.944318334907745, 6.160382981187706, 9.289985559871736, 1.5413943147205456, 2.06359132816194, 9.867054704552844, 7.992073666297728, 8.999864365241445,
4939377.331547502,6.361231351888893, 7.026411878742635, 4.904318264084642, 1.0629017334323998, 4.289953153308773, 5.320439470896629, 3.3973755556411103, 5.324653853435572, 4.37522905450316, 3.323862235298284, 9.944318334907745, 6.160382981187706, 9.289985559871736, 1.5413943147205456, 2.06359132816194, 9.867054704552844, 7.992073666297728, 8.999864365241445,
4939377.331567738,6.361231336987732, 7.026411893643796, 4.904318264084642, 1.0629017334323998, 4.289953153308773, 5.320439470896629, 3.3973755556411103, 5.324653853435572, 4.37522905450316, 3.323862235298284, 9.944318334907745, 6.160382981187706, 9.289985559871736, 1.5413943147205456, 2.06359132816194, 9.867054704552844, 7.992073666297728, 8.999864365241445,
4939377.331602698,6.361231336987732, 7.026411878742635, 4.904318278985803, 1.0629017334323998, 4.289953153308773, 5.320439470896629, 3.3973755556411103, 5.324653853435572, 4.37522905450316, 3.323862235298284, 9.944318334907745, 6.160382981187706, 9.289985559871736, 1.5413943147205456, 2.06359132816194, 9.867054704552844, 7.992073666297728, 8.999864365241445,
4939377.331580569,6.361231336987732, 7.026411878742635, 4.904318264084642, 1.062901748333561, 4.289953153308773, 5.320439470896629, 3.3973755556411103, 5.324653853435572, 4.37522905450316, 3.323862235298284, 9.944318334907745, 6.160382981187706, 9.289985559871736, 1.5413943147205456, 2.06359132816194, 9.867054704552844, 7.992073666297728, 8.999864365241445,
4939377.331667267,6.361231336987732, 7.026411878742635, 4.904318264084642, 1.0629017334323998, 4.2899531682099346, 5.320439470896629, 3.3973755556411103, 5.324653853435572, 4.37522905450316, 3.323862235298284, 9.944318334907745, 6.160382981187706, 9.289985559871736, 1.5413943147205456, 2.06359132816194, 9.867054704552844, 7.992073666297728, 8.999864365241445,
4939377.331495197,6.361231336987732, 7.026411878742635, 4.904318264084642, 1.0629017334323998, 4.289953153308773, 5.32043948579779, 3.3973755556411103, 5.324653853435572, 4.37522905450316, 3.323862235298284, 9.944318334907745, 6.160382981187706, 9.289985559871736, 1.5413943147205456, 2.06359132816194, 9.867054704552844, 7.992073666297728, 8.999864365241445,
4939377.331542759,6.361231336987732, 7.026411878742635, 4.904318264084642, 1.0629017334323998, 4.289953153308773, 5.320439470896629, 3.3973755705422715, 5.324653853435572, 4.37522905450316, 3.323862235298284, 9.944318334907745, 6.160382981187706, 9.289985559871736, 1.5413943147205456, 2.06359132816194, 9.867054704552844, 7.992073666297728, 8.999864365241445,
4939377.331689829,6.361231336987732, 7.026411878742635, 4.904318264084642, 1.0629017334323998, 4.289953153308773, 5.320439470896629, 3.3973755556411103, 5.324653868336733, 4.37522905450316, 3.323862235298284, 9.944318334907745, 6.160382981187706, 9.289985559871736, 1.5413943147205456, 2.06359132816194, 9.867054704552844, 7.992073666297728, 8.999864365241445,
4939377.331789333,6.361231336987732, 7.026411878742635, 4.904318264084642, 1.0629017334323998, 4.289953153308773, 5.320439470896629, 3.3973755556411103, 5.324653853435572, 4.375229069404321, 3.323862235298284, 9.944318334907745, 6.160382981187706, 9.289985559871736, 1.5413943147205456, 2.06359132816194, 9.867054704552844, 7.992073666297728, 8.999864365241445,
4939377.331532837,6.361231336987732, 7.026411878742635, 4.904318264084642, 1.0629017334323998, 4.289953153308773, 5.320439470896629, 3.3973755556411103, 5.324653853435572, 4.37522905450316, 3.3238622501994453, 9.944318334907745, 6.160382981187706, 9.289985559871736, 1.5413943147205456, 2.06359132816194, 9.867054704552844, 7.992073666297728, 8.999864365241445,
4939377.33138494,6.361231336987732, 7.026411878742635, 4.904318264084642, 1.0629017334323998, 4.289953153308773, 5.320439470896629, 3.3973755556411103, 5.324653853435572, 4.37522905450316, 3.323862235298284, 9.944318349808906, 6.160382981187706, 9.289985559871736, 1.5413943147205456, 2.06359132816194, 9.867054704552844, 7.992073666297728, 8.999864365241445,
4939377.331380552,6.361231336987732, 7.026411878742635, 4.904318264084642, 1.0629017334323998, 4.289953153308773, 5.320439470896629, 3.3973755556411103, 5.324653853435572, 4.37522905450316, 3.323862235298284, 9.944318334907745, 6.160382996088868, 9.289985559871736, 1.5413943147205456, 2.06359132816194, 9.867054704552844, 7.992073666297728, 8.999864365241445,
4939377.331587373,6.361231336987732, 7.026411878742635, 4.904318264084642, 1.0629017334323998, 4.289953153308773, 5.320439470896629, 3.3973755556411103, 5.324653853435572, 4.37522905450316, 3.323862235298284, 9.944318334907745, 6.160382981187706, 9.289985574772897, 1.5413943147205456, 2.06359132816194, 9.867054704552844, 7.992073666297728, 8.999864365241445,
4939377.3316180855,6.361231336987732, 7.026411878742635, 4.904318264084642, 1.0629017334323998, 4.289953153308773, 5.320439470896629, 3.3973755556411103, 5.324653853435572, 4.37522905450316, 3.323862235298284, 9.944318334907745, 6.160382981187706, 9.289985559871736, 1.5413943296217067, 2.06359132816194, 9.867054704552844, 7.992073666297728, 8.999864365241445,
4939377.331598445,6.361231336987732, 7.026411878742635, 4.904318264084642, 1.0629017334323998, 4.289953153308773, 5.320439470896629, 3.3973755556411103, 5.324653853435572, 4.37522905450316, 3.323862235298284, 9.944318334907745, 6.160382981187706, 9.289985559871736, 1.5413943147205456, 2.063591343063101, 9.867054704552844, 7.992073666297728, 8.999864365241445,
4939377.3314700015,6.361231336987732, 7.026411878742635, 4.904318264084642, 1.0629017334323998, 4.289953153308773, 5.320439470896629, 3.3973755556411103, 5.324653853435572, 4.37522905450316, 3.323862235298284, 9.944318334907745, 6.160382981187706, 9.289985559871736, 1.5413943147205456, 2.06359132816194, 9.867054719454005, 7.992073666297728, 8.999864365241445,
4939377.331414758,6.361231336987732, 7.026411878742635, 4.904318264084642, 1.0629017334323998, 4.289953153308773, 5.320439470896629, 3.3973755556411103, 5.324653853435572, 4.37522905450316, 3.323862235298284, 9.944318334907745, 6.160382981187706, 9.289985559871736, 1.5413943147205456, 2.06359132816194, 9.867054704552844, 7.992073681198889, 8.999864365241445,
4939377.331446318,6.361231336987732, 7.026411878742635, 4.904318264084642, 1.0629017334323998, 4.289953153308773, 5.320439470896629, 3.3973755556411103, 5.324653853435572, 4.37522905450316, 3.323862235298284, 9.944318334907745, 6.160382981187706, 9.289985559871736, 1.5413943147205456, 2.06359132816194, 9.867054704552844, 7.992073666297728, 8.999864380142606,
4939377.331523391,6.361231336987732, 7.026411878742635, 4.904318264084642, 1.0629017334323998, 4.289953153308773, 5.320439470896629, 3.3973755556411103, 5.324653853435572, 4.37522905450316, 3.323862235298284, 9.944318334907745, 6.160382981187706, 9.289985559871736, 1.5413943147205456, 2.06359132816194, 9.867054704552844, 7.992073666297728, 8.999864365241445,
4911637.141710523,6.308260696826484, 6.928984285071263, 4.730085390550283, 0.9372854685299458, 3.973866423604639, 5.382382116817352, 3.354825536992522, 4.958999093736212, 3.7909683565246857, 3.303111019240678, 10.248488767794733, 6.474194483889666, 9.1494207261942, 1.3333563148103456, 1.8987028446625922, 9.984349613144285, 8.23073515770213, 9.169190769035502,
4911637.141710523,6.308260696826484, 6.928984285071263, 4.730085390550283, 0.9372854685299458, 3.973866423604639, 5.382382116817352, 3.354825536992522, 4.958999093736212, 3.7909683565246857, 3.303111019240678, 10.248488767794733, 6.474194483889666, 9.1494207261942, 1.3333563148103456, 1.8987028446625922, 9.984349613144285, 8.23073515770213, 9.169190769035502,
4911637.141737537,6.3082607117276455, 6.928984285071263, 4.730085390550283, 0.9372854685299458, 3.973866423604639, 5.382382116817352, 3.354825536992522, 4.958999093736212, 3.7909683565246857, 3.303111019240678, 10.248488767794733, 6.474194483889666, 9.1494207261942, 1.3333563148103456, 1.8987028446625922, 9.984349613144285, 8.23073515770213, 9.169190769035502,
4911637.141754686,6.308260696826484, 6.9289842999724245, 4.730085390550283, 0.9372854685299458, 3.973866423604639, 5.382382116817352, 3.354825536992522, 4.958999093736212, 3.7909683565246857, 3.303111019240678, 10.248488767794733, 6.474194483889666, 9.1494207261942, 1.3333563148103456, 1.8987028446625922, 9.984349613144285, 8.23073515770213, 9.169190769035502,
4911637.141792185,6.308260696826484, 6.928984285071263, 4.730085405451444, 0.9372854685299458, 3.973866423604639, 5.382382116817352, 3.354825536992522, 4.958999093736212, 3.7909683565246857, 3.303111019240678, 10.248488767794733, 6.474194483889666, 9.1494207261942, 1.3333563148103456, 1.8987028446625922, 9.984349613144285, 8.23073515770213, 9.169190769035502,
4911637.141753751,6.308260696826484, 6.928984285071263, 4.730085390550283, 0.937285483431107, 3.973866423604639, 5.382382116817352, 3.354825536992522, 4.958999093736212, 3.7909683565246857, 3.303111019240678, 10.248488767794733, 6.474194483889666, 9.1494207261942, 1.3333563148103456, 1.8987028446625922, 9.984349613144285, 8.23073515770213, 9.169190769035502,
4911637.141799083,6.308260696826484, 6.928984285071263, 4.730085390550283, 0.9372854685299458, 3.9738664385058002, 5.382382116817352, 3.354825536992522, 4.958999093736212, 3.7909683565246857, 3.303111019240678, 10.248488767794733, 6.474194483889666, 9.1494207261942, 1.3333563148103456, 1.8987028446625922, 9.984349613144285, 8.23073515770213, 9.169190769035502,
4911637.14167085,6.308260696826484, 6.928984285071263, 4.730085390550283, 0.9372854685299458, 3.973866423604639, 5.382382131718513, 3.354825536992522, 4.958999093736212, 3.7909683565246857, 3.303111019240678, 10.248488767794733, 6.474194483889666, 9.1494207261942, 1.3333563148103456, 1.8987028446625922, 9.984349613144285, 8.23073515770213, 9.169190769035502,
4911637.141714907,6.308260696826484, 6.928984285071263, 4.730085390550283, 0.9372854685299458, 3.973866423604639, 5.382382116817352, 3.354825551893683, 4.958999093736212, 3.7909683565246857, 3.303111019240678, 10.248488767794733, 6.474194483889666, 9.1494207261942, 1.3333563148103456, 1.8987028446625922, 9.984349613144285, 8.23073515770213, 9.169190769035502,
4911637.141858288,6.308260696826484, 6.928984285071263, 4.730085390550283, 0.9372854685299458, 3.973866423604639, 5.382382116817352, 3.354825536992522, 4.958999108637373, 3.7909683565246857, 3.303111019240678, 10.248488767794733, 6.474194483889666, 9.1494207261942, 1.3333563148103456, 1.8987028446625922, 9.984349613144285, 8.23073515770213, 9.169190769035502,
4911637.141967006,6.308260696826484, 6.928984285071263, 4.730085390550283, 0.9372854685299458, 3.973866423604639, 5.382382116817352, 3.354825536992522, 4.958999093736212, 3.790968371425847, 3.303111019240678, 10.248488767794733, 6.474194483889666, 9.1494207261942, 1.3333563148103456, 1.8987028446625922, 9.984349613144285, 8.23073515770213, 9.169190769035502,
4911637.141735735,6.308260696826484, 6.928984285071263, 4.730085390550283, 0.9372854685299458, 3.973866423604639, 5.382382116817352, 3.354825536992522, 4.958999093736212, 3.7909683565246857, 3.303111034141839, 10.248488767794733, 6.474194483889666, 9.1494207261942, 1.3333563148103456, 1.8987028446625922, 9.984349613144285, 8.23073515770213, 9.169190769035502,
4911637.141576772,6.308260696826484, 6.928984285071263, 4.730085390550283, 0.9372854685299458, 3.973866423604639, 5.382382116817352, 3.354825536992522, 4.958999093736212, 3.7909683565246857, 3.303111019240678, 10.248488782695894, 6.474194483889666, 9.1494207261942, 1.3333563148103456, 1.8987028446625922, 9.984349613144285, 8.23073515770213, 9.169190769035502,
4911637.14156158,6.308260696826484, 6.928984285071263, 4.730085390550283, 0.9372854685299458, 3.973866423604639, 5.382382116817352, 3.354825536992522, 4.958999093736212, 3.7909683565246857, 3.303111019240678, 10.248488767794733, 6.474194498790827, 9.1494207261942, 1.3333563148103456, 1.8987028446625922, 9.984349613144285, 8.23073515770213, 9.169190769035502,
4911637.141777324,6.308260696826484, 6.928984285071263, 4.730085390550283, 0.9372854685299458, 3.973866423604639, 5.382382116817352, 3.354825536992522, 4.958999093736212, 3.7909683565246857, 3.303111019240678, 10.248488767794733, 6.474194483889666, 9.149420741095362, 1.3333563148103456, 1.8987028446625922, 9.984349613144285, 8.23073515770213, 9.169190769035502,
4911637.141695179,6.308260696826484, 6.928984285071263, 4.730085390550283, 0.9372854685299458, 3.973866423604639, 5.382382116817352, 3.354825536992522, 4.958999093736212, 3.7909683565246857, 3.303111019240678, 10.248488767794733, 6.474194483889666, 9.1494207261942, 1.3333563297115067, 1.8987028446625922, 9.984349613144285, 8.23073515770213, 9.169190769035502,
4911637.141673471,6.308260696826484, 6.928984285071263, 4.730085390550283, 0.9372854685299458, 3.973866423604639, 5.382382116817352, 3.354825536992522, 4.958999093736212, 3.7909683565246857, 3.303111019240678, 10.248488767794733, 6.474194483889666, 9.1494207261942, 1.3333563148103456, 1.8987028595637534, 9.984349613144285, 8.23073515770213, 9.169190769035502,
4911637.14165368,6.308260696826484, 6.928984285071263, 4.730085390550283, 0.9372854685299458, 3.973866423604639, 5.382382116817352, 3.354825536992522, 4.958999093736212, 3.7909683565246857, 3.303111019240678, 10.248488767794733, 6.474194483889666, 9.1494207261942, 1.3333563148103456, 1.8987028446625922, 9.984349628045447, 8.23073515770213, 9.169190769035502,
4911637.141661596,6.308260696826484, 6.928984285071263, 4.730085390550283, 0.9372854685299458, 3.973866423604639, 5.382382116817352, 3.354825536992522, 4.958999093736212, 3.7909683565246857, 3.303111019240678, 10.248488767794733, 6.474194483889666, 9.1494207261942, 1.3333563148103456, 1.8987028446625922, 9.984349613144285, 8.230735172603291, 9.169190769035502,
4911637.141691195,6.308260696826484, 6.928984285071263, 4.730085390550283, 0.9372854685299458, 3.973866423604639, 5.382382116817352, 3.354825536992522, 4.958999093736212, 3.7909683565246857, 3.303111019240678, 10.248488767794733, 6.474194483889666, 9.1494207261942, 1.3333563148103456, 1.8987028446625922, 9.984349613144285, 8.23073515770213, 9.169190783936664,
4831745.289280443,6.096378136181494, 6.53927391038578, 4.033153896412844, 0.43482040892012963, 2.709519504788102, 5.630152700500246, 3.1846254623981682, 3.496380054938775, 1.4539255646107883, 3.220106155010252, 11.465170499342683, 7.729440494697503, 8.587161391484061, 0.5012043151695456, 1.2391489106652003, 10.453529247510053, 9.185381123319736, 9.846496384211735,
4831745.289280443,6.096378136181494, 6.53927391038578, 4.033153896412844, 0.43482040892012963, 2.709519504788102, 5.630152700500246, 3.1846254623981682, 3.496380054938775, 1.4539255646107883, 3.220106155010252, 11.465170499342683, 7.729440494697503, 8.587161391484061, 0.5012043151695456, 1.2391489106652003, 10.453529247510053, 9.185381123319736, 9.846496384211735,
4831745.289310114,6.096378151082655, 6.53927391038578, 4.033153896412844, 0.43482040892012963, 2.709519504788102, 5.630152700500246, 3.1846254623981682, 3.496380054938775, 1.4539255646107883, 3.220106155010252, 11.465170499342683, 7.729440494697503, 8.587161391484061, 0.5012043151695456, 1.2391489106652003, 10.453529247510053, 9.185381123319736, 9.846496384211735,
4831745.289320384,6.096378136181494, 6.539273925286941, 4.033153896412844, 0.43482040892012963, 2.709519504788102, 5.630152700500246, 3.1846254623981682, 3.496380054938775, 1.4539255646107883, 3.220106155010252, 11.465170499342683, 7.729440494697503, 8.587161391484061, 0.5012043151695456, 1.2391489106652003, 10.453529247510053, 9.185381123319736, 9.846496384211735,
4831745.289396843,6.096378136181494, 6.53927391038578, 4.033153911314005, 0.43482040892012963, 2.709519504788102, 5.630152700500246, 3.1846254623981682, 3.496380054938775, 1.4539255646107883, 3.220106155010252, 11.465170499342683, 7.729440494697503, 8.587161391484061, 0.5012043151695456, 1.2391489106652003, 10.453529247510053, 9.185381123319736, 9.846496384211735,
4831745.289332611,6.096378136181494, 6.53927391038578, 4.033153896412844, 0.4348204238212908, 2.709519504788102, 5.630152700500246, 3.1846254623981682, 3.496380054938775, 1.4539255646107883, 3.220106155010252, 11.465170499342683, 7.729440494697503, 8.587161391484061, 0.5012043151695456, 1.2391489106652003, 10.453529247510053, 9.185381123319736, 9.846496384211735,
4831745.289289992,6.096378136181494, 6.53927391038578, 4.033153896412844, 0.43482040892012963, 2.7095195196892634, 5.630152700500246, 3.1846254623981682, 3.496380054938775, 1.4539255646107883, 3.220106155010252, 11.465170499342683, 7.729440494697503, 8.587161391484061, 0.5012043151695456, 1.2391489106652003, 10.453529247510053, 9.185381123319736, 9.846496384211735,
4831745.289209435,6.096378136181494, 6.53927391038578, 4.033153896412844, 0.43482040892012963, 2.709519504788102, 5.630152715401407, 3.1846254623981682, 3.496380054938775, 1.4539255646107883, 3.220106155010252, 11.465170499342683, 7.729440494697503, 8.587161391484061, 0.5012043151695456, 1.2391489106652003, 10.453529247510053, 9.185381123319736, 9.846496384211735,
4831745.2892543925,6.096378136181494, 6.53927391038578, 4.033153896412844, 0.43482040892012963, 2.709519504788102, 5.630152700500246, 3.1846254772993294, 3.496380054938775, 1.4539255646107883, 3.220106155010252, 11.465170499342683, 7.729440494697503, 8.587161391484061, 0.5012043151695456, 1.2391489106652003, 10.453529247510053, 9.185381123319736, 9.846496384211735,
4831745.289370666,6.096378136181494, 6.53927391038578, 4.033153896412844, 0.43482040892012963, 2.709519504788102, 5.630152700500246, 3.1846254623981682, 3.4963800698399363, 1.4539255646107883, 3.220106155010252, 11.465170499342683, 7.729440494697503, 8.587161391484061, 0.5012043151695456, 1.2391489106652003, 10.453529247510053, 9.185381123319736, 9.846496384211735,
4831745.289610469,6.096378136181494, 6.53927391038578, 4.033153896412844, 0.43482040892012963, 2.709519504788102, 5.630152700500246, 3.1846254623981682, 3.496380054938775, 1.4539255795119495, 3.220106155010252, 11.465170499342683, 7.729440494697503, 8.587161391484061, 0.5012043151695456, 1.2391489106652003, 10.453529247510053, 9.185381123319736, 9.846496384211735,
4831745.289374683,6.096378136181494, 6.53927391038578, 4.033153896412844, 0.43482040892012963, 2.709519504788102, 5.630152700500246, 3.1846254623981682, 3.496380054938775, 1.4539255646107883, 3.2201061699114133, 11.465170499342683, 7.729440494697503, 8.587161391484061, 0.5012043151695456, 1.2391489106652003, 10.453529247510053, 9.185381123319736, 9.846496384211735,
4831745.289163914,6.096378136181494, 6.53927391038578, 4.033153896412844, 0.43482040892012963, 2.709519504788102, 5.630152700500246, 3.1846254623981682, 3.496380054938775, 1.4539255646107883, 3.220106155010252, 11.465170514243844, 7.729440494697503, 8.587161391484061, 0.5012043151695456, 1.2391489106652003, 10.453529247510053, 9.185381123319736, 9.846496384211735,
4831745.289127034,6.096378136181494, 6.53927391038578, 4.033153896412844, 0.43482040892012963, 2.709519504788102, 5.630152700500246, 3.1846254623981682, 3.496380054938775, 1.4539255646107883, 3.220106155010252, 11.465170499342683, 7.729440509598664, 8.587161391484061, 0.5012043151695456, 1.2391489106652003, 10.453529247510053, 9.185381123319736, 9.846496384211735,
4831745.289364817,6.096378136181494, 6.53927391038578, 4.033153896412844, 0.43482040892012963, 2.709519504788102, 5.630152700500246, 3.1846254623981682, 3.496380054938775, 1.4539255646107883, 3.220106155010252, 11.465170499342683, 7.729440494697503, 8.587161406385222, 0.5012043151695456, 1.2391489106652003, 10.453529247510053, 9.185381123319736, 9.846496384211735,
4831745.289070877,6.096378136181494, 6.53927391038578, 4.033153896412844, 0.43482040892012963, 2.709519504788102, 5.630152700500246, 3.1846254623981682, 3.496380054938775, 1.4539255646107883, 3.220106155010252, 11.465170499342683, 7.729440494697503, 8.587161391484061, 0.5012043300707067, 1.2391489106652003, 10.453529247510053, 9.185381123319736, 9.846496384211735,
4831745.289053671,6.096378136181494, 6.53927391038578, 4.033153896412844, 0.43482040892012963, 2.709519504788102, 5.630152700500246, 3.1846254623981682, 3.496380054938775, 1.4539255646107883, 3.220106155010252, 11.465170499342683, 7.729440494697503, 8.587161391484061, 0.5012043151695456, 1.2391489255663615, 10.453529247510053, 9.185381123319736, 9.846496384211735,
4831745.289208265,6.096378136181494, 6.53927391038578, 4.033153896412844, 0.43482040892012963, 2.709519504788102, 5.630152700500246, 3.1846254623981682, 3.496380054938775, 1.4539255646107883, 3.220106155010252, 11.465170499342683, 7.729440494697503, 8.587161391484061, 0.5012043151695456, 1.2391489106652003, 10.453529262411214, 9.185381123319736, 9.846496384211735,
4831745.289303516,6.096378136181494, 6.53927391038578, 4.033153896412844, 0.43482040892012963, 2.709519504788102, 5.630152700500246, 3.1846254623981682, 3.496380054938775, 1.4539255646107883, 3.220106155010252, 11.465170499342683, 7.729440494697503, 8.587161391484061, 0.5012043151695456, 1.2391489106652003, 10.453529247510053, 9.185381138220897, 9.846496384211735,
4831745.289329596,6.096378136181494, 6.53927391038578, 4.033153896412844, 0.43482040892012963, 2.709519504788102, 5.630152700500246, 3.1846254623981682, 3.496380054938775, 1.4539255646107883, 3.220106155010252, 11.465170499342683, 7.729440494697503, 8.587161391484061, 0.5012043151695456, 1.2391489106652003, 10.453529247510053, 9.185381123319736, 9.846496399112896,
4647209.056280552,5.248847893601534, 4.980432411643843, 1.2454279198630909, -1.5750398295191346, -2.3478681704780433, 6.6212350352318206, 2.5038251640207547, -2.354096100250972, -7.894245603044801, 2.888086698088549, 16.331897425534486, 12.750424537928849, 6.338124052643499, -2.8274036833936544, -1.399066825324366, 12.330247784973123, 13.003964985790166, 12.55571884491666,
4647209.056280552,5.248847893601534, 4.980432411643843, 1.2454279198630909, -1.5750398295191346, -2.3478681704780433, 6.6212350352318206, 2.5038251640207547, -2.354096100250972, -7.894245603044801, 2.888086698088549, 16.331897425534486, 12.750424537928849, 6.338124052643499, -2.8274036833936544, -1.399066825324366, 12.330247784973123, 13.003964985790166, 12.55571884491666,
4647209.056381489,5.248847908502695, 4.980432411643843, 1.2454279198630909, -1.5750398295191346, -2.3478681704780433, 6.6212350352318206, 2.5038251640207547, -2.354096100250972, -7.894245603044801, 2.888086698088549, 16.331897425534486, 12.750424537928849, 6.338124052643499, -2.8274036833936544, -1.399066825324366, 12.330247784973123, 13.003964985790166, 12.55571884491666,
4647209.056314741,5.248847893601534, 4.980432426545004, 1.2454279198630909, -1.5750398295191346, -2.3478681704780433, 6.6212350352318206, 2.5038251640207547, -2.354096100250972, -7.894245603044801, 2.888086698088549, 16.331897425534486, 12.750424537928849, 6.338124052643499, -2.8274036833936544, -1.399066825324366, 12.330247784973123, 13.003964985790166, 12.55571884491666,
4647209.056815415,5.248847893601534, 4.980432411643843, 1.245427934764252, -1.5750398295191346, -2.3478681704780433, 6.6212350352318206, 2.5038251640207547, -2.354096100250972, -7.894245603044801, 2.888086698088549, 16.331897425534486, 12.750424537928849, 6.338124052643499, -2.8274036833936544, -1.399066825324366, 12.330247784973123, 13.003964985790166, 12.55571884491666,
4647209.0569745125,5.248847893601534, 4.980432411643843, 1.2454279198630909, -1.5750398146179734, -2.3478681704780433, 6.6212350352318206, 2.5038251640207547, -2.354096100250972, -7.894245603044801, 2.888086698088549, 16.331897425534486, 12.750424537928849, 6.338124052643499, -2.8274036833936544, -1.399066825324366, 12.330247784973123, 13.003964985790166, 12.55571884491666,
4647209.056138393,5.248847893601534, 4.980432411643843, 1.2454279198630909, -1.5750398295191346, -2.347868155576882, 6.6212350352318206, 2.5038251640207547, -2.354096100250972, -7.894245603044801, 2.888086698088549, 16.331897425534486, 12.750424537928849, 6.338124052643499, -2.8274036833936544, -1.399066825324366, 12.330247784973123, 13.003964985790166, 12.55571884491666,
4647209.05651889,5.248847893601534, 4.980432411643843, 1.2454279198630909, -1.5750398295191346, -2.3478681704780433, 6.621235050132982, 2.5038251640207547, -2.354096100250972, -7.894245603044801, 2.888086698088549, 16.331897425534486, 12.750424537928849, 6.338124052643499, -2.8274036833936544, -1.399066825324366, 12.330247784973123, 13.003964985790166, 12.55571884491666,
4647209.058002874,5.248847893601534, 4.980432411643843, 1.2454279198630909, -1.5750398295191346, -2.3478681704780433, 6.6212350352318206, 2.503825178921916, -2.354096100250972, -7.894245603044801, 2.888086698088549, 16.331897425534486, 12.750424537928849, 6.338124052643499, -2.8274036833936544, -1.399066825324366, 12.330247784973123, 13.003964985790166, 12.55571884491666,
4647209.056474395,5.248847893601534, 4.980432411643843, 1.2454279198630909, -1.5750398295191346, -2.3478681704780433, 6.6212350352318206, 2.5038251640207547, -2.354096085349811, -7.894245603044801, 2.888086698088549, 16.331897425534486, 12.750424537928849, 6.338124052643499, -2.8274036833936544, -1.399066825324366, 12.330247784973123, 13.003964985790166, 12.55571884491666,
4647209.057865149,5.248847893601534, 4.980432411643843, 1.2454279198630909, -1.5750398295191346, -2.3478681704780433, 6.6212350352318206, 2.5038251640207547, -2.354096100250972, -7.89424558814364, 2.888086698088549, 16.331897425534486, 12.750424537928849, 6.338124052643499, -2.8274036833936544, -1.399066825324366, 12.330247784973123, 13.003964985790166, 12.55571884491666,
4647209.057325986,5.248847893601534, 4.980432411643843, 1.2454279198630909, -1.5750398295191346, -2.3478681704780433, 6.6212350352318206, 2.5038251640207547, -2.354096100250972, -7.894245603044801, 2.8880867129897103, 16.331897425534486, 12.750424537928849, 6.338124052643499, -2.8274036833936544, -1.399066825324366, 12.330247784973123, 13.003964985790166, 12.55571884491666,
4647209.056317537,5.248847893601534, 4.980432411643843, 1.2454279198630909, -1.5750398295191346, -2.3478681704780433, 6.6212350352318206, 2.5038251640207547, -2.354096100250972, -7.894245603044801, 2.888086698088549, 16.331897440435647, 12.750424537928849, 6.338124052643499, -2.8274036833936544, -1.399066825324366, 12.330247784973123, 13.003964985790166, 12.55571884491666,
4647209.056547309,5.248847893601534, 4.980432411643843, 1.2454279198630909, -1.5750398295191346, -2.3478681704780433, 6.6212350352318206, 2.5038251640207547, -2.354096100250972, -7.894245603044801, 2.888086698088549, 16.331897425534486, 12.75042455283001, 6.338124052643499, -2.8274036833936544, -1.399066825324366, 12.330247784973123, 13.003964985790166, 12.55571884491666,
4647209.055819175,5.248847893601534, 4.980432411643843, 1.2454279198630909, -1.5750398295191346, -2.3478681704780433, 6.6212350352318206, 2.5038251640207547, -2.354096100250972, -7.894245603044801, 2.888086698088549, 16.331897425534486, 12.750424537928849, 6.33812406754466, -2.8274036833936544, -1.399066825324366, 12.330247784973123, 13.003964985790166, 12.55571884491666,
4647209.055981403,5.248847893601534, 4.980432411643843, 1.2454279198630909, -1.5750398295191346, -2.3478681704780433, 6.6212350352318206, 2.5038251640207547, -2.354096100250972, -7.894245603044801, 2.888086698088549, 16.331897425534486, 12.750424537928849, 6.338124052643499, -2.8274036684924932, -1.399066825324366, 12.330247784973123, 13.003964985790166, 12.55571884491666,
4647209.056210021,5.248847893601534, 4.980432411643843, 1.2454279198630909, -1.5750398295191346, -2.3478681704780433, 6.6212350352318206, 2.5038251640207547, -2.354096100250972, -7.894245603044801, 2.888086698088549, 16.331897425534486, 12.750424537928849, 6.338124052643499, -2.8274036833936544, -1.399066810423205, 12.330247784973123, 13.003964985790166, 12.55571884491666,
4647209.056414834,5.248847893601534, 4.980432411643843, 1.2454279198630909, -1.5750398295191346, -2.3478681704780433, 6.6212350352318206, 2.5038251640207547, -2.354096100250972, -7.894245603044801, 2.888086698088549, 16.331897425534486, 12.750424537928849, 6.338124052643499, -2.8274036833936544, -1.399066825324366, 12.330247799874284, 13.003964985790166, 12.55571884491666,
4647209.05627228,5.248847893601534, 4.980432411643843, 1.2454279198630909, -1.5750398295191346, -2.3478681704780433, 6.6212350352318206, 2.5038251640207547, -2.354096100250972, -7.894245603044801, 2.888086698088549, 16.331897425534486, 12.750424537928849, 6.338124052643499, -2.8274036833936544, -1.399066825324366, 12.330247784973123, 13.003965000691327, 12.55571884491666,
4647209.056310516,5.248847893601534, 4.980432411643843, 1.2454279198630909, -1.5750398295191346, -2.3478681704780433, 6.6212350352318206, 2.5038251640207547, -2.354096100250972, -7.894245603044801, 2.888086698088549, 16.331897425534486, 12.750424537928849, 6.338124052643499, -2.8274036833936544, -1.399066825324366, 12.330247784973123, 13.003964985790166, 12.555718859817821,
inf,1.8587269232816892, -1.254933583323905, -9.905475986335924, -9.614480783276194, -22.57741887154263, 10.58556437415812, -0.21937602948890111, -25.75600072100997, -45.28693027366717, 1.5600088704017379, 35.798805130301695, 32.83436071085424, -2.6580253027187517, -16.141835677646455, -11.951929769282632, 19.837121934825404, 28.278300435671888, 23.392608687736363,
inf,1.8587269232816892, -1.254933583323905, -9.905475986335924, -9.614480783276194, -22.57741887154263, 10.58556437415812, -0.21937602948890111, -25.75600072100997, -45.28693027366717, 1.5600088704017379, 35.798805130301695, 32.83436071085424, -2.6580253027187517, -16.141835677646455, -11.951929769282632, 19.837121934825404, 28.278300435671888, 23.392608687736363,
inf,1.8587269381828504, -1.254933583323905, -9.905475986335924, -9.614480783276194, -22.57741887154263, 10.58556437415812, -0.21937602948890111, -25.75600072100997, -45.28693027366717, 1.5600088704017379, 35.798805130301695, 32.83436071085424, -2.6580253027187517, -16.141835677646455, -11.951929769282632, 19.837121934825404, 28.278300435671888, 23.392608687736363,
23733004319044.582,1.8587269232816892, -1.2549335684227438, -9.905475986335924, -9.614480783276194, -22.57741887154263, 10.58556437415812, -0.21937602948890111, -25.75600072100997, -45.28693027366717, 1.5600088704017379, 35.798805130301695, 32.83436071085424, -2.6580253027187517, -16.141835677646455, -11.951929769282632, 19.837121934825404, 28.278300435671888, 23.392608687736363,
inf,1.8587269232816892, -1.254933583323905, -9.905475971434763, -9.614480783276194, -22.57741887154263, 10.58556437415812, -0.21937602948890111, -25.75600072100997, -45.28693027366717, 1.5600088704017379, 35.798805130301695, 32.83436071085424, -2.6580253027187517, -16.141835677646455, -11.951929769282632, 19.837121934825404, 28.278300435671888, 23.392608687736363,
inf,1.8587269232816892, -1.254933583323905, -9.905475986335924, -9.614480768375033, -22.57741887154263, 10.58556437415812, -0.21937602948890111, -25.75600072100997, -45.28693027366717, 1.5600088704017379, 35.798805130301695, 32.83436071085424, -2.6580253027187517, -16.141835677646455, -11.951929769282632, 19.837121934825404, 28.278300435671888, 23.392608687736363,
inf,1.8587269232816892, -1.254933583323905, -9.905475986335924, -9.614480783276194, -22.57741885664147, 10.58556437415812, -0.21937602948890111, -25.75600072100997, -45.28693027366717, 1.5600088704017379, 35.798805130301695, 32.83436071085424, -2.6580253027187517, -16.141835677646455, -11.951929769282632, 19.837121934825404, 28.278300435671888, 23.392608687736363,
14632979095613.86,1.8587269232816892, -1.254933583323905, -9.905475986335924, -9.614480783276194, -22.57741887154263, 10.58556438905928, -0.21937602948890111, -25.75600072100997, -45.28693027366717, 1.5600088704017379, 35.798805130301695, 32.83436071085424, -2.6580253027187517, -16.141835677646455, -11.951929769282632, 19.837121934825404, 28.278300435671888, 23.392608687736363,
inf,1.8587269232816892, -1.254933583323905, -9.905475986335924, -9.614480783276194, -22.57741887154263, 10.58556437415812, -0.21937601458773992, -25.75600072100997, -45.28693027366717, 1.5600088704017379, 35.798805130301695, 32.83436071085424, -2.6580253027187517, -16.141835677646455, -11.951929769282632, 19.837121934825404, 28.278300435671888, 23.392608687736363,
inf,1.8587269232816892, -1.254933583323905, -9.905475986335924, -9.614480783276194, -22.57741887154263, 10.58556437415812, -0.21937602948890111, -25.756000706108807, -45.28693027366717, 1.5600088704017379, 35.798805130301695, 32.83436071085424, -2.6580253027187517, -16.141835677646455, -11.951929769282632, 19.837121934825404, 28.278300435671888, 23.392608687736363,
inf,1.8587269232816892, -1.254933583323905, -9.905475986335924, -9.614480783276194, -22.57741887154263, 10.58556437415812, -0.21937602948890111, -25.75600072100997, -45.286930258766006, 1.5600088704017379, 35.798805130301695, 32.83436071085424, -2.6580253027187517, -16.141835677646455, -11.951929769282632, 19.837121934825404, 28.278300435671888, 23.392608687736363,
13628522900523.9,1.8587269232816892, -1.254933583323905, -9.905475986335924, -9.614480783276194, -22.57741887154263, 10.58556437415812, -0.21937602948890111, -25.75600072100997, -45.28693027366717, 1.560008885302899, 35.798805130301695, 32.83436071085424, -2.6580253027187517, -16.141835677646455, -11.951929769282632, 19.837121934825404, 28.278300435671888, 23.392608687736363,
inf,1.8587269232816892, -1.254933583323905, -9.905475986335924, -9.614480783276194, -22.57741887154263, 10.58556437415812, -0.21937602948890111, -25.75600072100997, -45.28693027366717, 1.5600088704017379, 35.798805145202856, 32.83436071085424, -2.6580253027187517, -16.141835677646455, -11.951929769282632, 19.837121934825404, 28.278300435671888, 23.392608687736363,
16370120953842.016,1.8587269232816892, -1.254933583323905, -9.905475986335924, -9.614480783276194, -22.57741887154263, 10.58556437415812, -0.21937602948890111, -25.75600072100997, -45.28693027366717, 1.5600088704017379, 35.798805130301695, 32.8343607257554, -2.6580253027187517, -16.141835677646455, -11.951929769282632, 19.837121934825404, 28.278300435671888, 23.392608687736363,
12292734092206.342,1.8587269232816892, -1.254933583323905, -9.905475986335924, -9.614480783276194, -22.57741887154263, 10.58556437415812, -0.21937602948890111, -25.75600072100997, -45.28693027366717, 1.5600088704017379, 35.798805130301695, 32.83436071085424, -2.6580252878175905, -16.141835677646455, -11.951929769282632, 19.837121934825404, 28.278300435671888, 23.392608687736363,
